<?xml version="1.0" encoding="UTF-8"?>

<beans xmlns="http://www.springframework.org/schema/beans"
    xmlns:xsi="http://www.w3.org/2001/XMLSchema-instance"
    xmlns:context="http://www.springframework.org/schema/context"
    xsi:schemaLocation="http://www.springframework.org/schema/beans 
    					http://www.springframework.org/schema/beans/spring-beans.xsd 
    					http://www.springframework.org/schema/context http://www.springframework.org/schema/context/spring-context.xsd"
    					default-lazy-init="true">
    
    <!-- Go and scan in.smartprogramming.beans package, 
    if you find @Component then create object of that class having name same 
    as that of class but first letter is small, in which @Component exists.-->
	<context:component-scan base-package="in.smartprogramming.beans">
	</context:component-scan> 
	
	<!-- To enable all the Annotations used in the project. -->
	<context:annotation-config></context:annotation-config>
	
	<!-- lazy-init="true" -->
	<bean class="in.smartprogramming.beans.Student" id="msgObject166" lazy-init="default">
		<property name="id" value="167"></property>
		<property name="name" value="Utkarsh"></property>
		<property name="email" value="utkarsh@gmail.com"></property>
	</bean>
	
</beans>
