<?xml version="1.0" encoding="UTF-8"?>

<beans  
    xmlns="http://www.springframework.org/schema/beans"  
    xmlns:xsi="http://www.w3.org/2001/XMLSchema-instance"  
    xmlns:p="http://www.springframework.org/schema/p"  
    xsi:schemaLocation="http://www.springframework.org/schema/beans  
                http://www.springframework.org/schema/beans/spring-beans-3.0.xsd">  
                
    <bean class="com.newpack.Student" id="s1">
		 <property name="sid" value="166"></property>
		 <property name="sname" value="Swasthik"></property>
	</bean>
	
	<bean class="com.newpack.Student" id="s2">
		 <property name="sid" value="167"></property>
		 <property name="sname" value="Utkarsh"></property>
	</bean>
	<bean class="com.newpack.Course" id="c1">
		 <property name="course_id" value="101"></property>
		 <property name="cname" value="Data Structures"></property>
	</bean>
	
	<bean class="com.newpack.Course" id="c2">
		 <property name="course_id" value="102"></property>
		 <property name="cname" value="Computer Network"></property>
	</bean>
	
	<bean class="com.newpack.UniversityService" name="uni">
		<property name="students">
			 <list>
				 <ref bean="s1" />
				 <ref bean="s2" />
			 </list>
		</property>
		 <property name="courses">
			 <list>
				 <ref bean="c1" />
				 <ref bean="c2" />
			 </list>
		 </property>
	</bean>
	
</beans>
